{"img_shape": [1702, 1276, 3], "label": "motorcycle ", "position": [367.5, 998.0], "rect_size": [679.0, 454.0], "conf": "0.37"}
{"img_shape": [1702, 1276, 3], "label": "car ", "position": [823.0, 579.0], "rect_size": [84.0, 78.0], "conf": "0.42"}
{"img_shape": [1702, 1276, 3], "label": "motorcycle ", "position": [607.5, 694.5], "rect_size": [147.0, 147.0], "conf": "0.44"}
{"img_shape": [1702, 1276, 3], "label": "car ", "position": [1006.0, 627.5], "rect_size": [280.0, 215.0], "conf": "0.52"}
{"img_shape": [1702, 1276, 3], "label": "person ", "position": [218.0, 701.5], "rect_size": [116.0, 213.0], "conf": "0.65"}
{"img_shape": [1702, 1276, 3], "label": "motorcycle ", "position": [367.5, 998.0], "rect_size": [679.0, 454.0], "conf": "0.37"}
{"img_shape": [1702, 1276, 3], "label": "car ", "position": [823.0, 579.0], "rect_size": [84.0, 78.0], "conf": "0.42"}
{"img_shape": [1702, 1276, 3], "label": "motorcycle ", "position": [607.5, 694.5], "rect_size": [147.0, 147.0], "conf": "0.44"}
{"img_shape": [1702, 1276, 3], "label": "car ", "position": [1006.0, 627.5], "rect_size": [280.0, 215.0], "conf": "0.52"}
{"img_shape": [1702, 1276, 3], "label": "person ", "position": [218.0, 701.5], "rect_size": [116.0, 213.0], "conf": "0.65"}
