{"img_shape": [1702, 1276, 3], "label": "truck ", "position": [1047.0, 938.5], "rect_size": [454.0, 407.0], "conf": "0.31"}
{"img_shape": [1702, 1276, 3], "label": "car ", "position": [782.0, 860.5], "rect_size": [446.0, 297.0], "conf": "0.32"}
{"img_shape": [1702, 1276, 3], "label": "car ", "position": [360.5, 842.5], "rect_size": [209.0, 141.0], "conf": "0.35"}
{"img_shape": [1702, 1276, 3], "label": "car ", "position": [1046.5, 931.0], "rect_size": [451.0, 428.0], "conf": "0.38"}
{"img_shape": [1702, 1276, 3], "label": "car ", "position": [134.5, 831.0], "rect_size": [89.0, 74.0], "conf": "0.44"}
{"img_shape": [1702, 1276, 3], "label": "car ", "position": [1243.0, 1042.5], "rect_size": [66.0, 287.0], "conf": "0.51"}
{"img_shape": [1702, 1276, 3], "label": "car ", "position": [516.0, 855.0], "rect_size": [238.0, 196.0], "conf": "0.61"}
{"img_shape": [1702, 1276, 3], "label": "truck ", "position": [1047.0, 938.5], "rect_size": [454.0, 407.0], "conf": "0.31"}
{"img_shape": [1702, 1276, 3], "label": "car ", "position": [782.0, 860.5], "rect_size": [446.0, 297.0], "conf": "0.32"}
{"img_shape": [1702, 1276, 3], "label": "car ", "position": [360.5, 842.5], "rect_size": [209.0, 141.0], "conf": "0.35"}
{"img_shape": [1702, 1276, 3], "label": "car ", "position": [1046.5, 931.0], "rect_size": [451.0, 428.0], "conf": "0.38"}
{"img_shape": [1702, 1276, 3], "label": "car ", "position": [134.5, 831.0], "rect_size": [89.0, 74.0], "conf": "0.44"}
{"img_shape": [1702, 1276, 3], "label": "car ", "position": [1243.0, 1042.5], "rect_size": [66.0, 287.0], "conf": "0.51"}
{"img_shape": [1702, 1276, 3], "label": "car ", "position": [516.0, 855.0], "rect_size": [238.0, 196.0], "conf": "0.61"}
